overall_rank,chapter,chapter_rank,priority,id,question,image_references,reference_sources_and_links,status,chapter_file,answer_file
1,Ch.1 The Qur'an,1,P0,1.1,Is it fair to accuse Shias of believing the Qur'an is incomplete?,—,Musnad; Mustadrak Al-Sahihayn; al-Mustadrak; Usul al-Kafi; Kanz al-'Ummal; Mukhtasar Kanz al-'Ummal; Seerah of the Prophet; Ibn Hisham,Answered (+ more in dossier),chapters/01-quran.md,answers/01-quran/1.1.md
2,Ch.1 The Qur'an,2,P0,1.2,Where is the hadith declaring the Qur'an complete? What of the missing 6 ahruf?,—,*(none cited yet — open research item)*,Answered (+ more in dossier),chapters/01-quran.md,answers/01-quran/1.2.md
3,Ch.1 The Qur'an,3,P0,1.5,"Surah 'Abasa (80) -- who ""frowned""? Does the traditional Sunni reading conflict with the Prophet's own Qur'anic character reference?",—,https://share.google/DwDqdGW56vlmnhA6x; https://share.google/BLb1Cd5gqAPPTnxzc; https://share.google/2pk82DSJFZKdvLVYT; https://share.google/bu37IS3M5LJmb1VWW; https://share.google/emxa9r92xN4n3zrxz; https://share.google/cD17DoPiAliyCdVQe,Answered (+ more in dossier),chapters/01-quran.md,answers/01-quran/1.5.md
4,Ch.2 Sunnah & Hadith Authenticity,1,P0,2.1,"The creation-in-seven-days hadith: Ka'b al-Ahbar, Abu Hurairah, and the Qur'an",—,Ibn Kathir (gharaib of Sahih Muslim); Bukhari Tarikh al-Kabir 1:413; Sahih Muslim 2789; Mishkat Al-Masabih; Al-Anwar Al-Kashifah; Al-Manar Al-Munif; Majmu' Al-Fatawa (+ more in dossier),Answered,chapters/02-sunnah-and-hadith-authenticity.md,answers/02-sunnah-and-hadith-authenticity/2.1.md
5,Ch.2 Sunnah & Hadith Authenticity,2,P0,2.5,"""The righteous lie more in hadith than in anything else"" -- Muslim's own introduction on pious-narrator unreliability",—,sunnah.com/muslim/introduction; Yahya ibn Sa'id al-Qattan (quoted in Muslim's Muqaddimah); Sahih Muslim (+ more in dossier),Answered,chapters/02-sunnah-and-hadith-authenticity.md,answers/02-sunnah-and-hadith-authenticity/2.5.md
6,Ch.3 Salah & Worship Practices,1,P0,3.2,"Abu Hurairah's dog/donkey/woman hadith, and Aisha's reported rebuke",—,Sahih al-Bukhari 511/514/519; Sahih Muslim 511; Sahih Muslim; Sunan Abi Dawud; Musnad (+ more in dossier),Answered,chapters/03-salah-and-worship-practices.md,answers/03-salah-and-worship-practices/3.2.md
7,Ch.4 Sahaba & Disputes Between Companions,1,P0,4.2,Why did Umar block paper and pen from the Prophet ﷺ? (Hadith of Qirtas),—,Sahih al-Bukhari,Answered (+ more in dossier),chapters/04-sahaba-companions-and-disputes.md,answers/04-sahaba-companions-and-disputes/4.2.md
8,Ch.4 Sahaba & Disputes Between Companions,2,P0,4.7,"Which companion (identified: Talhah ibn Ubaydullah) was ""already planning"" after the Prophet's ﷺ death?",—,Nahj al-Balagha; Riyad as-Salihin; Kitab al-Tabaqat al-Kubra; Tafsir al-Tabari; Tafsir al-Durr al-Manthur; Tafsir al-Qurtubi; Anwar al-Tanzil; Tafsir al-Kashshaf; Al-Bahr al-Muhit; Tarikh al-Rusul wa-al-Muluk; Ansab al-Ashraf; Al-Kamil fi al-Tarikh; Al-Imama wa-al-Siyasa; Muruj al-Dhahab; Kitab al-Irshad; Al-Bidayah wa-al-Nihayah; Al-Isti'ab; https://share.google/0fw33KS14ps6fhIrx; https://share.google/aimode/EFs69TVMhkQMRfNko; https://sunnah.com/abudawud:4646 (+ more in dossier),Answered,chapters/04-sahaba-companions-and-disputes.md,answers/04-sahaba-companions-and-disputes/4.7.md
9,Ch.4 Sahaba & Disputes Between Companions,3,P0,4.8,Does Qur'an 9:100 really grant blanket approval to all companions?,image7.png: source/images/image7.png; image6.png: source/images/image6.png,Tafseer-e-Namona,Answered (+ more in dossier),chapters/04-sahaba-companions-and-disputes.md,answers/04-sahaba-companions-and-disputes/4.8.md
10,"Ch.5 Ahlul Bayt, Fatima & Fadak",1,P0,5.1,Does Sahih Muslim 2424 try to exclude the Prophet's wives from Ahl al-Bayt?,—,Sahih Muslim,Answered (+ more in dossier),chapters/05-ahlul-bayt-fatima-and-fadak.md,answers/05-ahlul-bayt-fatima-and-fadak/5.1.md
11,"Ch.5 Ahlul Bayt, Fatima & Fadak",2,P0,5.2,"Was Fatima denied inheritance, and did she stay angry at Abu Bakr?",—,*(none cited yet — open research item)*,Answered (+ more in dossier),chapters/05-ahlul-bayt-fatima-and-fadak.md,answers/05-ahlul-bayt-fatima-and-fadak/5.2.md
12,"Ch.6 Imamate, Khilafah & Ghadeer Khumm",1,P0,6.1,"Khutbah ash-Shiqshiqiyyah, Surah 24:55, and the khalifa dispute",—,Nahj al-Balagha; Majma' al-amthal,Answered (+ more in dossier),chapters/06-imamate-khilafah-and-ghadeer-khumm.md,answers/06-imamate-khilafah-and-ghadeer-khumm/6.1.md
13,"Ch.6 Imamate, Khilafah & Ghadeer Khumm",2,P0,6.4,Verifying the nine-source Ghadeer Khumm reference bundle,—,Sahih al-Bukhari; Sahih Muslim; Sunan Abi Dawud; Tafsir al-Quran al-Azim; Asbab al-Nuzul; Shawahid al-Tanzil; Siyar A'lam al-Nubala; Sharh Madhahib Ahl al-Sunnah; Fath al-Bari; Al-Kafi; https://youtu.be/KizDH4o1Ljk,Answered (+ more in dossier),chapters/06-imamate-khilafah-and-ghadeer-khumm.md,answers/06-imamate-khilafah-and-ghadeer-khumm/6.4.md
14,"Ch.6 Imamate, Khilafah & Ghadeer Khumm",3,P0,6.6,Does Sahih al-Bukhari Vol.8 Book 82 Hadith 817 obscure Ali's name with fulan?,—,Sahih al-Bukhari; https://share.google/gBNPLeNaEf8p5Ifr3,Answered (+ more in dossier),chapters/06-imamate-khilafah-and-ghadeer-khumm.md,answers/06-imamate-khilafah-and-ghadeer-khumm/6.6.md
15,Ch.8 The Prophet's Final Days,1,P0,8.2,"Deathbed conduct: rejecting the Qirtas request, ""is he even our prophet"", Bukhari 7280",—,Sahih al-Bukhari; https://share.google/sRM7fNbHHGQpGM4Af,Answered (+ more in dossier),chapters/08-the-prophets-final-days.md,answers/08-the-prophets-final-days/8.2.md
16,Ch.1 The Qur'an,4,P1,1.3,Could Qur'an 5:3 have been revealed at Arafah before Hajj rites were complete?,—,*(none cited yet — open research item)*,Not Started,chapters/01-quran.md,answers/01-quran/1.3.md
17,Ch.1 The Qur'an,5,P1,1.4,Why Iqra not Qul — what evidentiary standard should apply to oral hadith?,—,https://share.google/aimode/U7wqo74OC0Stkidul,Not Started,chapters/01-quran.md,answers/01-quran/1.4.md
18,Ch.2 Sunnah & Hadith Authenticity,3,P1,2.2,"Where are Imam Ja'far's ahadith, and why aren't they taught?",—,"Bukhari's Al-Adab al-Mufrad (excluded from Sahih al-Bukhari specifically); Muwatta Malik; Malik ibn Anas: ""al-thiqah Ja'far ibn Muhammad""; Sahih al-Bukhari (+ more in dossier)",Answered,chapters/02-sunnah-and-hadith-authenticity.md,answers/02-sunnah-and-hadith-authenticity/2.2.md
19,Ch.2 Sunnah & Hadith Authenticity,4,P1,2.4,"Is everything in Bukhari a hadith of the Prophet? How was ~600,000 narrowed to ~7,500?",—,"1,341 mu'allaq (160 without full chain, per Ibn Hajar's Taghliq al-Ta'liq); ~600,000 examined -> ~7,563 (with repetition) / ~2,602 unique; Sahih al-Bukhari (+ more in dossier)",Answered,chapters/02-sunnah-and-hadith-authenticity.md,answers/02-sunnah-and-hadith-authenticity/2.4.md
20,Ch.3 Salah & Worship Practices,2,P1,3.1,"Is the modern Salawat (""and his companions"") a bid'ah?",image4.png: source/images/image4.png; image3.png: source/images/image3.png,Sahih al-Bukhari; Al-Sawa'iq al-Muhriqah,Not Started,chapters/03-salah-and-worship-practices.md,answers/03-salah-and-worship-practices/3.1.md
21,Ch.4 Sahaba & Disputes Between Companions,4,P1,4.1,"The Muawiyah forbidden-drink narration: sahih chain, false content?",—,https://shiapen.com/deception/distortion-in-books-by-sunni-scholars/1-distortion-of-al-haythami-in-a-narration-whee-it-is-mentioned-that-mu-waiyah-took-a-forbidden-drink/; https://www.reddit.com/r/shia/s/qN46HHTzcY; https://sunnah.com/abudawud:4646,Not Started,chapters/04-sahaba-companions-and-disputes.md,answers/04-sahaba-companions-and-disputes/4.1.md
22,Ch.4 Sahaba & Disputes Between Companions,5,P1,4.3,Why did Muawiyah order Ali cursed from the pulpit?,—,*(none cited yet — open research item)*,Not Started,chapters/04-sahaba-companions-and-disputes.md,answers/04-sahaba-companions-and-disputes/4.3.md
23,Ch.4 Sahaba & Disputes Between Companions,6,P1,4.5,"The Haud al-Kawthar ""ashabi"" hadith and differentiated companion status",—,Sahih al-Bukhari; Al-Mustadrak; Tarikh-e-Baghdad; https://share.google/fY0FLzhmfwWrU8DTt; https://share.google/jhJvdtdpckUs17bw7,Not Started,chapters/04-sahaba-companions-and-disputes.md,answers/04-sahaba-companions-and-disputes/4.5.md
24,Ch.4 Sahaba & Disputes Between Companions,7,P1,4.10,Was Abu Bakr really first to accept Islam after Khadija?,—,Najh al balagha,Not Started,chapters/04-sahaba-companions-and-disputes.md,answers/04-sahaba-companions-and-disputes/4.10.md
25,Ch.4 Sahaba & Disputes Between Companions,8,P1,4.13,"Applying the money/power-trail heuristic: do pro-Umar chains trace to his family/appointees, and were muhaddithin incentivized?",—,*(none cited yet — open research item)*,Not Started,chapters/04-sahaba-companions-and-disputes.md,answers/04-sahaba-companions-and-disputes/4.13.md
26,"Ch.5 Ahlul Bayt, Fatima & Fadak",3,P1,5.3,Fadak: comparing a Sunni sheikh's account against Fatima's own sermon,—,*(none cited yet — open research item)*,Not Started,chapters/05-ahlul-bayt-fatima-and-fadak.md,answers/05-ahlul-bayt-fatima-and-fadak/5.3.md
27,"Ch.5 Ahlul Bayt, Fatima & Fadak",4,P1,5.6,"What is the ""Attacking the House of Fatimah"" incident, distinct from Fadak?",—,https://share.google/GNigIXxuaCwJL6wtN,Not Started,chapters/05-ahlul-bayt-fatima-and-fadak.md,answers/05-ahlul-bayt-fatima-and-fadak/5.6.md
28,"Ch.5 Ahlul Bayt, Fatima & Fadak",5,P1,5.7,"If Fadak was stolen, does the companions-justice defense still apply to those who justified it?",—,https://share.google/jhJvdtdpckUs17bw7; https://sunnah.com/muslim:1978a; https://share.google/5OeEub8F5WapIZC5U,Not Started,chapters/05-ahlul-bayt-fatima-and-fadak.md,answers/05-ahlul-bayt-fatima-and-fadak/5.7.md
29,"Ch.6 Imamate, Khilafah & Ghadeer Khumm",4,P1,6.5,What do Nahjul Balagha Sermons 3 and 193 say about the succession?,—,Nahjul Balagha; https://share.google/YvUVAc6oMflfwnHE7; https://share.google/6W8X7vStTUtUzzJqO,Answered (+ more in dossier),chapters/06-imamate-khilafah-and-ghadeer-khumm.md,answers/06-imamate-khilafah-and-ghadeer-khumm/6.5.md
30,"Ch.6 Imamate, Khilafah & Ghadeer Khumm",5,P1,6.7,"Did Umar claim divine sanction (""Allah has written for me to say"") despite no divine appointment?",—,*(none cited yet — open research item)*,Not Started,chapters/06-imamate-khilafah-and-ghadeer-khumm.md,answers/06-imamate-khilafah-and-ghadeer-khumm/6.7.md
31,Ch.8 The Prophet's Final Days,2,P1,8.1,Was the Prophet ﷛ martyred by a reactivated poison from Khaybar?,—,https://share.google/aimode/4HuVcJP55H1s2t0A4; https://share.google/aimode/fgQ7iFpgniLLEEMUK; https://share.google/aimode/IOzFWuX2gW80ghGYu; https://share.google/aimode/9hH1saZjPd1tohqg6; https://share.google/aimode/IEJ8C58zkrbXUdAsM,Not Started,chapters/08-the-prophets-final-days.md,answers/08-the-prophets-final-days/8.1.md
32,Ch.2 Sunnah & Hadith Authenticity,5,P2,2.6,"Were the ""Shiat-al-Ali"" the first muhaddithin, and is ""Ahl-e-Hadith"" a Qur'anic term?",—,*(none cited yet — open research item)*,Not Started,chapters/02-sunnah-and-hadith-authenticity.md,answers/02-sunnah-and-hadith-authenticity/2.6.md
33,Ch.4 Sahaba & Disputes Between Companions,9,P2,4.4,"Who narrated the ashara mubashara/Talha ""walking martyr"" hadith, and why the omission?",image5.png: source/images/image5.png,*(none cited yet — open research item)*,Not Started,chapters/04-sahaba-companions-and-disputes.md,answers/04-sahaba-companions-and-disputes/4.4.md
34,Ch.4 Sahaba & Disputes Between Companions,10,P2,4.6,Was Aisha a pawn behind the first fitnah?,—,*(none cited yet — open research item)*,Not Started,chapters/04-sahaba-companions-and-disputes.md,answers/04-sahaba-companions-and-disputes/4.6.md
35,Ch.4 Sahaba & Disputes Between Companions,11,P2,4.9,Marwan: a case study in uneven justice for companions,image9.png: source/images/image9.png; image8.png: source/images/image8.png,Sahih al-Bukhari,Not Started,chapters/04-sahaba-companions-and-disputes.md,answers/04-sahaba-companions-and-disputes/4.9.md
36,Ch.4 Sahaba & Disputes Between Companions,12,P2,4.11,"What do the names ""Muawiya"" and ""Yazid"" mean, and why were they given?",—,https://shiapen.com/deception/distortion-in-books-by-sunni-scholars/1-distortion-of-al-haythami-in-a-narration-whee-it-is-mentioned-that-mu-waiyah-took-a-forbidden-drink/; https://youtu.be/or6kWCF1rS8?si=DQ1exf6tjET62GHK,Not Started,chapters/04-sahaba-companions-and-disputes.md,answers/04-sahaba-companions-and-disputes/4.11.md
37,Ch.4 Sahaba & Disputes Between Companions,13,P2,4.12,"Was Abu Sufyan the originator, and what is the Hind→Muawiya→Yazid→Sufyani lineage theory?",—,https://share.google/aimode/cRDs8KYgIwKi2dNRw; https://share.google/aimode/vAfb5Es0LqQ8fi3BZ,Not Started,chapters/04-sahaba-companions-and-disputes.md,answers/04-sahaba-companions-and-disputes/4.12.md
38,"Ch.5 Ahlul Bayt, Fatima & Fadak",6,P2,5.4,Imam Ali's sermon at Fatima's grave: authenticity,image1.png: source/images/image1.png; image2.png: source/images/image2.png,Najh al balagha,Not Started,chapters/05-ahlul-bayt-fatima-and-fadak.md,answers/05-ahlul-bayt-fatima-and-fadak/5.4.md
39,"Ch.5 Ahlul Bayt, Fatima & Fadak",7,P2,5.5,"The book accusing Umar of Fatima's death, narrated via a transmitter Sahih Muslim calls a liar",—,Sahih Muslim,Not Started,chapters/05-ahlul-bayt-fatima-and-fadak.md,answers/05-ahlul-bayt-fatima-and-fadak/5.5.md
