id,question,answer,submitted_at
q1,"Who were the Arab people during the first 40 years of the Prophet's life (before revelation)? Who were their previous wars with — among the tribes themselves, or with the Jews?",,
q2,"Beyond being either masterful Arabic poets or the complete opposite (illiterate) — is there any indication that the Arabs of that era were divinely gifted with perfect memory?",,
q3,"What were the implications of being a Jew living under Muslim protection in the early Islamic state? While free to practice one's faith openly and exempt from battle, what restrictions applied that couldn't be done openly — apart from the jizya tax? Were there objective reasons someone might convert to Islam 'for namesake' to gain benefits?",,
q4,"Hind bint Utbah and her family sought vengeance for their forefathers killed at Badr. Is there a possibility they harbored a hidden agenda — accepting Islam only for namesake while plotting to seize power during the Prophet's absence? What was Hind's significance in later reports as a powerful woman — did she also transmit letters, hadith, etc.?",,
q5,"Sahih means the chain (isnad) is authentic and the narrators' character was vetted. But what if the narration describes an event from Jahiliyyah with no connection to the Prophet, and some facts in it were humanly impossible to know? Would it still be graded sahih, or be acceptable for inclusion in Bukhari, Muslim, etc., and in our kulliyah teaching and propagation?",,
q6,"When our investigation uncovers what appears to be a genuine contradiction or methodological concern within the Sahih Sittah, what should our next course of action be? Should we treat it as an isolated issue, or should we trace its broader implications by re-examining related narrations, narrators, and underlying principles with the same level of scrutiny? Has this methodology been employed by earlier scholars, and if so, what are its best examples?",,
q7,"If no, skip this question. If yes, what should our methodology be once we become aware that such an instance is possible? Is our responsibility limited to setting aside the problematic hadith, or does intellectual honesty require us to examine the methodology by which it was authenticated and included, recognizing that even a compiler's judgment could, in principle, be open to scrutiny? Furthermore, if we continue to cite, teach, or propagate a narration after concluding that it is unreliable or incorrect, what ethical and religious responsibility do we bear for doing so?",,
q8,"Do we consider oral hadith transmission a sound, scientific methodology — even though much of it is essentially hearsay? How much more authentic have we found written records to be by comparison, and why?",,
q9,"If I wanted to check the character and traits of transmitters, is there a book (or books) considered absolute in accuracy — taking a holistic approach across a narrator's life and narrations (e.g. no personal gain, no contradicting narrations, etc.)? For narrators known to be false, what was the criteria for that falsehood?",,
q10,"Historically, do we find instances of state-sponsored appointment of religious leaders and scholars? Who were the initial hadith workers appointed under the Umayyad dynasty? Who trained the four madhhab founders, and are there reports on how they earned their living, or whether they were given high rank by their masters/leaders?",,
q11,"Just as the Jews are described as having killed their own, changed their texts, and modified rules to suit themselves — were such schemes present within the caliphate after Uthman? Why is it that there are only four 'rightly guided' (Rashidun) caliphs?",,
q12,"There is a hadith about 12 imams attributed to the Prophet, and a lot narrated about the Mahdi. Do we as Sunnis have a clear answer to this trail leading to the Mahdi? The claim from Ali's faction is that the Mahdi will come from his progeny through Hussain's lineage — is this true or false, and why?",,
q13,"Among the reports graded da'if, did we find any in favor of the Rashidun caliphs or those who followed them? If so, what were they, why were they graded weak, and is there evidence that any were circulated to advance a particular agenda?",,
q14,"The Prophet, over more than 15 years, would have delivered many Jumu'ah khutbahs. Do we have these in detailed record? Where can I read them?",,
q15,"What are the last speeches and final statements reliably attributed to the Prophet Muhammad? Which verses and surahs were revealed closest to his death? Based on the strongest evidence, what is the essence of the final message he left with his people?",,
q16,"Is it historically accurate that the widespread use of ""radiyallāhu 'anhu"" was introduced in response to the public cursing of Ali from the minbar during the Umayyad period? If so, does a practice introduced or established by a Companion automatically become part of the religion for later generations, or were such actions limited to the circumstances, audience, and needs of their own time?",,
q17,"If a practice originated as a response to a particular historical context rather than from an explicit prophetic instruction, was it intended to remain limited to that circumstance, or is there evidence that it was meant to become a permanent religious practice? On what basis did later scholars conclude that its continued observance forms part of the Sunnah rather than constituting an innovation (bid'ah)? If there is genuine uncertainty, isn't it better to examine the evidence honestly and objectively to avoid attributing to the religion something that the Prophet himself did not prescribe?",,
q18,"The authentic hadith of the man who killed one hundred people teaches that sincere repentance can lead to Allah's forgiveness. What principles does this establish about salvation? Does receiving Allah's forgiveness or the promise of Paradise imply that every aspect of a person's life or judgment was correct, or does it simply demonstrate Allah's mercy toward the repentant believer?",,
q19,"Is it reasonable to conclude that a person's eventual entry into Paradise reflects Allah's complete knowledge of their faith, sincerity, repentance, and final state rather than serving as a blanket endorsement of every decision they made during their lifetime? If so, should historical actions still be evaluated independently against the Qur'an and the authentic Sunnah?",,
q20,"Is the Prophet Muhammad the highest and final human authority in Islam by virtue of receiving divine revelation, conveying the Qur'an, being chosen as the Seal of the Prophets, and serving as the definitive example for mankind? Given his unique status, ascending to the heavens, having direct conversations with Allah, the angels etc.  Is it correct to say that no Companion, regardless of virtue or closeness to him, can equal or surpass his authority in matters of infallibility and religion?",,
q21,"In evaluating the Companions, should incidents that appear to involve disobedience to the Prophet, causing him distress, or disregarding his explicit instructions simply be set aside because of their overall status? Or should each incident be examined on its own merits in light of the Qur'an, the authentic Sunnah, and the historical evidence? What principles determine whether such incidents represent excusable error, misunderstanding, repentance, or actual disobedience?",,
